model,data_sample,file_name,original_mse,compression_ratio,transformed_mse,training_time,lr,in_features,hidden_features,hidden_layers,out_features,device,max_iters,outermost_linear,first_omega_zero,hidden_omega_zero
SIREN,1,outer/12-2_0-0/AuAu200_170kHz_10C_Iter2_3001.xml_TPCMLDataInterface_1.npy,248.017226457915,22.721758502896183,0.003403839422389865,20.257628440856934,0.001,3,128,3,1,cuda,2000,True,100,45
SIREN,2,outer/12-2_1-0/AuAu200_170kHz_10C_Iter2_3001.xml_TPCMLDataInterface_1.npy,539.6511331785475,22.721758502896183,0.008307487703859806,20.253937244415283,0.001,3,128,3,1,cuda,2000,True,100,45
SIREN,3,outer/12-2_2-0/AuAu200_170kHz_10C_Iter2_3001.xml_TPCMLDataInterface_1.npy,411.25274012717534,22.721758502896183,0.006869286764413118,20.253501415252686,0.001,3,128,3,1,cuda,2000,True,100,45
SIREN,4,outer/12-2_3-0/AuAu200_170kHz_10C_Iter2_3001.xml_TPCMLDataInterface_1.npy,351.41999769912985,22.721758502896183,0.0070860376581549644,20.250253200531006,0.001,3,128,3,1,cuda,2000,True,100,45
SIREN,5,outer/12-2_4-0/AuAu200_170kHz_10C_Iter2_3001.xml_TPCMLDataInterface_1.npy,283.48826425493644,22.721758502896183,0.005412193480879068,20.353553533554077,0.001,3,128,3,1,cuda,2000,True,100,45
